{
    "shader": {
        "0x9d9da161": "SimEyelashes",
        "0xcf8a70b4": "SimEyes",
        "0x84fd7152": "SimHair",
        "0x548394b9": "SimSkin",
        "0x29bcdd1f": "reflectivity",
        "0xdaa9532d": "index_of_refraction",
        "0xc3faac4f": "AlphaMap",
        "0x4a5daa3": "Ambient",
        "0x637daa05": "Diffuse",
        "0x6cc0fd85": "DiffuseMap",
        "0x3bd441a0": "Emission",
        "0x2eb8e8d4": "HaloLowColor",
        "0x84f6e0fb": "HaloRamp",
        "0x333a29c0": "NormalRamp",
        "0x73c9923e": "Reflective",
        "0xe90599f6": "RootColor",
        "0xf755f7ff": "Shininess",
        "0xd652fade": "SpecCompositeTexture",
        "0x2ce11842": "Specular",
        "0xad528a60": "SpecularMap",
        "0x5d22fd3": "Transparency",
        "0x988403f9": "Transparent",
        "0x3c45e334": "NormalMapScale",
        "0x90f8dcf0": "HighlightColor",
        "0xd4043258": "HaloHighColor",
        "0x9554d40f": "SpecStyle",
        "0x6e56548a": "NormalMap"
    },
    "bones": {
        "0xfeae6981": "b__ROOT__",
        "0x27689d9e": "b__ROOT_export__",
        "0xeb4037b": "world_offset",
        "0x8fe06873": "rootWorld",
        "0x5a172d98": "Root_info",
        "0x9ddff306": "RootInfo1",
        "0x9ddff305": "RootInfo2",
        "0xacc24b0": "rootOffset",
        "0x57884bb9": "b__ROOT_bind__",
        "0x6fa96266": "b__Spine0__",
        "0xafac05cf": "b__Spine1__",
        "0x6faf7238": "b__Spine2__",
        "0x6fb1b0a1": "b__Spine3__",
        "0x6fa06782": "b__Spine4__",
        "0xafa30b6b": "b__Spine5__",
        "0x77f97b14": "b__Neck0__",
        "0x37fb557d": "b__Neck1__",
        "0x37f49902": "b__Neck2__",
        "0x77f73ceb": "b__Neck3__",
        "0xf97b21b": "b__Head__",
        "0x405ec0bd": "b__Jaw__",
        "0xbf7d091c": "b__JawComp__",
        "0xdb898525": "b__Chin__",
        "0x46879dce": "b__RightJawBase__",
        "0xaff979db": "b__LeftJawBase__",
        "0x282d0c45": "b__RightJawMid__",
        "0x2a72d486": "b__LeftJawMid__",
        "0xbbec6a45": "b__JawMid__",
        "0x6415d3b7": "b__JawMidTarget_slot",
        "0x9c4e5197": "b__Tongue0__",
        "0xdc4c77ae": "b__Tongue1__",
        "0xdc5333e9": "b__Tongue2__",
        "0x9c509000": "b__Tongue3__",
        "0xdc442973": "b__Tongue4__",
        "0x1716d67f": "b__mouth_slot",
        "0x46034cbc": "b__LeftJaw__",
        "0xc04170a4": "b__LeftJawTarget_slot",
        "0xbf9966bd": "b__RightJaw__",
        "0x93ad6a2f": "b__RightJawTarget_slot",
        "0xc7ad1731": "b__RightCheek__",
        "0xf2ee99a0": "b__LeftCheek__",
        "0xe7fd33e0": "b__Skull__",
        "0x46722252": "b__Crest__",
        "0x14b429b0": "b__Dome__",
        "0x7db7b290": "b__DomeTarget_slot",
        "0x3d405c51": "b__Forehead__",
        "0xb4f6ce51": "b__RightForehead__",
        "0x9e727d9a": "b__LeftForehead__",
        "0x10744d1c": "b__EarArea__",
        "0x5e58ecb5": "b__LeftEarArea__",
        "0x3684ef66": "b__L_Ear0__",
        "0x768792cf": "b__L_Ear1__",
        "0x368aff38": "b__L_Ear2__",
        "0x368d3da1": "b__L_Ear3__",
        "0x76627909": "b__L_UpEar0__",
        "0xb6609f20": "b__L_UpEar1__",
        "0xb65e60b7": "b__L_UpEar2__",
        "0x7a33531c": "b__RightEarArea__",
        "0xee7454f8": "b__R_Ear0__",
        "0xee769361": "b__R_Ear1__",
        "0xee6fd726": "b__R_Ear2__",
        "0x2e727a8f": "b__R_Ear3__",
        "0x34d7126b": "b__R_UpEar0__",
        "0xf4d46e82": "b__R_UpEar1__",
        "0xf4db2afd": "b__R_UpEar2__",
        "0xddcf40a9": "b__MuzzleArea__",
        "0x316e2f04": "b__FlewBase__",
        "0x27ded11f": "b__NoseArea__",
        "0x8884df07": "b__NoseBase__",
        "0x344af043": "b__NoseTip__",
        "0x81ab7715": "b__NoseTipTarget_slot",
        "0xdf1d341a": "b__Snout__",
        "0x6509e081": "b__RightUpLip__",
        "0x5c0df160": "b__LeftUpLip__",
        "0xa924a104": "b__RightFlewBase__",
        "0xd1cabd8f": "b__RightFlewMid__",
        "0xbd7ce1e": "b__RightFlewTip__",
        "0xd0dafcdb": "b__LeftFlewBase__",
        "0xcdc92586": "b__LeftFlewMid__",
        "0xd4685ecf": "b__LeftFlewTip__",
        "0xbfee3853": "b__NoseBridge__",
        "0x438f1372": "b__StopBridge__",
        "0x410c881": "b__Stop__",
        "0x37e413ce": "b__LeftEyeArea__",
        "0x58b9eb01": "b__LeftEye__",
        "0x8ec5268f": "b__RightEyeArea__",
        "0x9bd5e550": "b__RightEye__",
        "0x312e6f96": "b__LeftMidBrow__",
        "0x8e5e1cc": "b__LeftOutBrow__",
        "0xce442223": "b__RightMidBrow__",
        "0x32e75ad1": "b__RightOutBrow__",
        "0x965dd13c": "b__RightHollow__",
        "0xdf8e2a73": "b__LeftHollow__",
        "0x2eaaf0ad": "b__BackNeck2__",
        "0x968f97ff": "b__BackNeck2Target_slot",
        "0x8e35bd53": "b__FrontNeck2__",
        "0x9f4d5240": "b__FrontNeck2_slot",
        "0xa44c550c": "b__L_Neck2_slot",
        "0xbfa92786": "b__R_Neck2_slot",
        "0x6ea499b2": "b__BackNeck1__",
        "0xce38603c": "b__FrontNeck1__",
        "0xa86d0b70": "b__L_Neck1Target_slot",
        "0x728c096": "b__R_Neck1Target_slot",
        "0x6ea6d8db": "b__BackNeck0__",
        "0x9c42fe37": "b__L_Clavicle_Offset__",
        "0xa303ce83": "b__L_Clavicle__",
        "0xc9e57d0": "b__L_UpperArm__",
        "0x15af037e": "b__L_Forearm__",
        "0x7ccd6d29": "b__L_Hand__",
        "0x27bfbad0": "b__L_Mid0__",
        "0x27c1f979": "b__L_Mid1__",
        "0x67bba27e": "b__L_Mid2__",
        "0x741c37c7": "b__L_Mid2_slot",
        "0xb1f747d3": "b__L_Index1__",
        "0xf1f9eabc": "b__L_Index2__",
        "0xf386366c": "b__L_Pinky1__",
        "0xf383f7c3": "b__L_Pinky2__",
        "0x72abc851": "b__L_Mid0_slot",
        "0xb07a2e26": "b__L_Hand_slot",
        "0x2908372": "b__L_Ulna__",
        "0x3d833f4e": "b__L_SideForearm_slot",
        "0xe25da4a8": "b__L_Radius__",
        "0x3bd15657": "b__L_Wrist__",
        "0x7ede491b": "b__L_Bicep__",
        "0x1fab5a56": "b__L_Shoulder__",
        "0xd3d3f5d9": "b__L_FrontUpperArm__",
        "0xaa62635a": "b__L_SideUpperArm_slot",
        "0xa786b8f9": "b__R_Clavicle_Offset__",
        "0x646ea315": "b__R_Clavicle__",
        "0xa92b596e": "b__R_UpperArm__",
        "0xf0143b40": "b__R_Forearm__",
        "0xceb0355b": "b__R_Hand__",
        "0xbd2ce17e": "b__R_Mid0__",
        "0xbd2f1fe7": "b__R_Mid1__",
        "0x7d30f9d0": "b__R_Mid2__",
        "0x43e63d51": "b__R_Mid2_slot",
        "0xeb22bfad": "b__R_Index1__",
        "0x2b1c68b2": "b__R_Index2__",
        "0xa8b3a8aa": "b__R_Pinky1__",
        "0xa8ba64e5": "b__R_Pinky2__",
        "0x4556acc7": "b__R_Mid0_slot",
        "0x8ea6a2c8": "b__R_Hand_slot",
        "0xd04b46fc": "b__R_Ulna__",
        "0xd9becb5c": "b__R_SideForearm_slot",
        "0x2018f586": "b__R_Radius__",
        "0x1e8edca5": "b__R_Wrist__",
        "0xea51aa75": "b__R_Bicep__",
        "0xa691d790": "b__R_Shoulder__",
        "0xa18a197b": "b__R_FrontUpperArm__",
        "0x96480624": "b__R_SideUpperArm_slot",
        "0xca6fc27c": "b__plumbBobGroup_noBind__",
        "0x517a7501": "b__PlumbBob_slot",
        "0x9c344585": "b__FrontSpine4__",
        "0x5b453e6": "b__Spine3Shoulder_slot",
        "0x8dfba064": "b__Chest__",
        "0x59717e8c": "b__ChestTarget_slot",
        "0xe59bf23b": "b__L_Spine3_slot",
        "0xf8179dbd": "b__R_Spine3_slot",
        "0x42c954a8": "b__Back__",
        "0x7aae6264": "b__backSitTarget_slot",
        "0xbbbe16b4": "b__Spine0Lumbar_slot",
        "0xb88199d8": "b__Stomach0__",
        "0xee35ff29": "b__StomachBelly0_slot",
        "0x6f68b2a4": "b__L_Stomach0_slot",
        "0x2d82eeee": "b__R_Stomach0_slot",
        "0xaabe959e": "b__StomachCrotch0_slot",
        "0x556b181a": "b__Pelvis__",
        "0x8f94dbcd": "b__Tail0__",
        "0x8f929ca4": "b__Tail1__",
        "0x4f8ff9fb": "b__Tail2__",
        "0x4f8dbb52": "b__Tail3__",
        "0x4f9f0471": "b__Tail4__",
        "0x8f9b9708": "b__Tail5__",
        "0x4f98f45f": "b__Tail6__",
        "0x4f96b536": "b__Tail7__",
        "0x4fa7fed5": "b__Tail8__",
        "0x727a79e3": "b__Tail3_slot",
        "0x4149968c": "b__L_Thigh_Offset__",
        "0xcd971db2": "b__L_Thigh_Socket__",
        "0xc6035e5e": "b__L_Thigh__",
        "0x85e195d0": "b__L_Calf__",
        "0x23b79422": "b__L_Foot__",
        "0x985bcf62": "b__L_Toe0__",
        "0x585da94b": "b__L_Toe1__",
        "0x585fe7f4": "b__L_Toe2__",
        "0xcf284ccd": "b__L_Toe2_slot",
        "0x8b93ee73": "b__L_Toe0_slot",
        "0x4fc6d033": "b__L_Foot_slot",
        "0xd2b451b1": "b__L_BackCalf__",
        "0x5e26402e": "b__L_SideCalf_slot",
        "0x53758218": "b__L_Quadricep__",
        "0xd045d92d": "b__L_BackThigh__",
        "0x87bbfc91": "b__L_FrontThigh__",
        "0xc1d02c52": "b__L_SideThigh_slot",
        "0xe1989fd9": "b__L_Hip__",
        "0x749cb5e2": "b__R_Thigh_Offset__",
        "0x8899d4d8": "b__R_Thigh_Socket__",
        "0x83b1355c": "b__R_Thigh__",
        "0x81b330de": "b__R_Calf__",
        "0x37bb051c": "b__R_Foot__",
        "0x4a707954": "b__R_Toe0__",
        "0xa73e5bd": "b__R_Toe1__",
        "0xa6b9742": "b__R_Toe2__",
        "0x4c80ee13": "b__R_Toe2_slot",
        "0xa3ba6ced": "b__R_Toe0_slot",
        "0x9196f6b5": "b__R_Foot_slot",
        "0x46a2c45b": "b__R_BackCalf__",
        "0xfde9ea38": "b__R_SideCalf_slot",
        "0xcaece55a": "b__R_Quadricep__",
        "0x4512d0a7": "b__R_BackThigh__",
        "0x313a98f3": "b__R_FrontThigh__",
        "0x4b7993c": "b__R_SideThigh_slot",
        "0xb7725f2b": "b__R_Hip__",
        "0x2bbaca21": "b__Rump__",
        "0x1374cecb": "b__RumpTarget_slot",
        "0xa6f3b078": "b__R_Toe__",
        "0xb8587539": "b__R_Toe_slot",
        "0x9aafedc7": "b__R_PantsLeg_slot",
        "0x6a3a218a": "b__R_Ankle_slot",
        "0x87f4f3cd": "b__R_backCalfTarget_slot",
        "0x9618393a": "b__R_outCalfTarget_slot",
        "0xe73d6c39": "b__R_frontCalfTarget_slot",
        "0xff1bdd1": "b__R_inCalfTarget_slot",
        "0xdab8292b": "b__R_KneeTarget_slot",
        "0xdd534a80": "b__R_Calf__Compress__",
        "0x3444d3bf": "b__R_ThighFrontTarget_slot",
        "0x33bdd8a1": "b__R_backThighTarget_slot",
        "0x7507a630": "b__R_outThighTarget_slot",
        "0xf56412f3": "b__R_upThighTarget_slot",
        "0x5bb64526": "b__R_upBackThighTarget_slot",
        "0x4cde546a": "b__R_Thigh__Compress__",
        "0xc183ef50": "R_legExportPole",
        "0xe723d915": "b__R_ThighTwist__",
        "0x13a6779a": "b__R_ThighUntwist__",
        "0x5ff7b14a": "b__R_ThighTwisted__",
        "0xfbcf5c32": "b__L_Toe__",
        "0x9d61d403": "b__L_Toe_slot",
        "0x422d4175": "b__L_PantsLeg_slot",
        "0x70f31118": "b__L_Ankle_slot",
        "0x94a6a77b": "b__L_backCalfTarget_slot",
        "0xefb28827": "b__L_inCalfTarget_slot",
        "0x18cb5a9f": "b__L_frontCalfTarget_slot",
        "0xb78aeaa4": "b__L_outCalfTarget_slot",
        "0xe7dfa65": "b__L_KneeTarget_slot",
        "0x631006b6": "b__L_Calf__Compress__",
        "0xefa497f": "b__L_backThighTarget_slot",
        "0xdae21d5d": "b__L_ThighFrontTarget_slot",
        "0x54135682": "b__L_outThighTarget_slot",
        "0xc4b39acd": "b__L_upThighTarget_slot",
        "0x64cff6b4": "b__L_upBackThighTarget_slot",
        "0xec80a400": "b__L_Thigh__Compress__",
        "0xc2d0302a": "L_legExportPole",
        "0xd0c4d27b": "b__L_ThighTwist__",
        "0xeca95d4c": "b__L_ThighUntwist__",
        "0x4dbaf2a8": "b__L_ThighTwisted__",
        "0xe4500cc3": "b__L_HipTarget_slot",
        "0x526aa3d": "b__R_HipTarget_slot",
        "0x6804dedb": "b__upper_skirt__",
        "0x7c647b6e": "b__skirt_upper_Compress__",
        "0xd5e15c10": "b__lower_skirt__",
        "0x4ecffcc3": "b__skirt_lower_Compress__",
        "0xbc81d5b8": "b__Neck__",
        "0x6e191acb": "b__HeadNew__",
        "0x4c4a702a": "b__LeftSquint__",
        "0x812806d9": "b__RightSquint__",
        "0x2506208f": "b__EyeArea__",
        "0xbdf5c2c1": "b__LeftInBrow__",
        "0x9b2ed3b8": "b__LeftEye_mod__",
        "0x5bdc542c": "b__LeftUpLid__",
        "0xe5331c30": "b__LeftLoLid__",
        "0xa9f33bb2": "b__RightInBrow__",
        "0xe7551519": "b__RightEye_mod__",
        "0x64d8444d": "b__RightUpLid__",
        "0xf585bc9": "b__RightLoLid__",
        "0x78894999": "b__MouthArea__",
        "0xa550cc9c": "b__LeftLoLip__",
        "0xa0fca895": "b__LoLip__",
        "0xf26be95": "b__RightLoLip__",
        "0xf9629bbb": "b__Jawline__",
        "0xc896dd5e": "b__LowerTeeth__",
        "0xf6dfca81": "b__UpLip__",
        "0xba821cd6": "b__RightMouth__",
        "0xec2ddebb": "b__LeftMouth__",
        "0x549cb097": "b__UpperTeeth__",
        "0x7f6c538b": "b__LeftNostril__",
        "0x84794242": "b__RightNostril__",
        "0x9d5460ce": "b__HeadDome__",
        "0x4f5e1cda": "b__LeftEar__",
        "0x4289076b": "b__RightEar__",
        "0xe4fb4ff0": "b__Glasses_slot",
        "0xe21c1965": "b__L_Earring_slot",
        "0xd4dae48f": "b__R_Earring_slot",
        "0x12edc5c3": "b__Glasses__",
        "0x4952e727": "b__Hat_grip__",
        "0xe34cb479": "b__Neck_slot",
        "0xc0ff7eda": "b__backNeck_slot",
        "0xe7183236": "b__R_UpperArmTarget_slot",
        "0xa4f523ad": "b__R_Bracelet_slot",
        "0x5b099700": "b__R_ForearmTarget_slot",
        "0xeb208104": "b__R_Index0__",
        "0xa8b5e7d3": "b__R_Pinky0__",
        "0x1ca23c66": "b__R_Ring0__",
        "0x5ca4dfcf": "b__R_Ring1__",
        "0x1ca84c38": "b__R_Ring2__",
        "0xce76a127": "b__R_Ring_slot",
        "0xd2a9e720": "b__R_Thumb0__",
        "0x92abc109": "b__R_Thumb1__",
        "0x92a505ce": "b__R_Thumb2__",
        "0xcfb47c1d": "b__R_inForearmTarget_slot",
        "0x2993e16f": "b__R_outShortSleeve_slot",
        "0xd7707182": "b__R_inShortSleeve_slot",
        "0xc619c029": "b__R_ShoulderTwist__",
        "0x6d158fb0": "b__R_ShoulderTarget_slot",
        "0x5ab4f06": "R_armExportPole",
        "0x4a1c1c4b": "b__R_BackShoulderTarget_slot",
        "0x1237c6bf": "b__R_FrontShoulderTarget_slot",
        "0x6498a8f0": "b__L_UpperArmTarget_slot",
        "0x2ab0350b": "b__L_Bracelet_slot",
        "0x772abba6": "b__L_ForearmTarget_slot",
        "0xb1f508aa": "b__L_Index0__",
        "0xb3881055": "b__L_Pinky0__",
        "0x17472b18": "b__L_Ring0__",
        "0x17496981": "b__L_Ring1__",
        "0x17411b46": "b__L_Ring2__",
        "0xbabb3a7d": "b__L_Ring_slot",
        "0xeff5bb2e": "b__L_Thumb0__",
        "0xaff79517": "b__L_Thumb1__",
        "0xaff9d380": "b__L_Thumb2__",
        "0xd81e3abf": "b__L_inForearmTarget_slot",
        "0x2f7feb00": "b__L_inShortSleeve_slot",
        "0xaca798d9": "b__L_outShortSleeve_slot",
        "0xaf9e9a53": "b__L_ShoulderTwist__",
        "0x4f8a24be": "b__L_ShoulderTarget_slot",
        "0x750af470": "L_armExportPole",
        "0xb106820d": "b__L_BackShoulderTarget_slot",
        "0x8e3c4b89": "b__L_FrontShoulderTarget_slot",
        "0x25805e96": "b__R_shoulderbladeTarget_slot",
        "0x53e2d95c": "b__L_shoulderbladeTarget_slot",
        "0x3731eeb3": "b__R_armpitTarget_slot",
        "0x1986ad99": "b__R_chestTarget_slot",
        "0xca6d6d7f": "b__L_chestTarget_slot",
        "0x490a5b29": "b__L_armpitTarget_slot",
        "0xbd4cc753": "b__R_BackTarget_slot",
        "0xe8507e6f": "b__R_sideBackTorsoTarget_slot",
        "0xebdde945": "b__R_sideFrontTorsoTarget_slot",
        "0x425d636a": "b__R_frontTorsoTarget_slot",
        "0x5a5e1651": "b__L_BackTarget_slot",
        "0xe06c74d5": "b__L_sideBackTorsoTarget_slot",
        "0xf14f68e3": "b__L_sideFrontTorsoTarget_slot",
        "0x46327b8c": "b__L_frontTorsoTarget_slot",
        "0x37664e95": "b__carryGroupOffset_noBind__",
        "0x9f266ca6": "b__carryGroup_noBind__",
        "0xd97d2e80": "b__L_carry_slot",
        "0x8eeabf86": "b__R_carry_slot",
        "0x1eb57a41": "b__L_breast__",
        "0x28696c2b": "b__L_breastTarget_slot",
        "0x12864073": "b__R_breast__",
        "0xc94c0c65": "b__R_breastTarget_slot",
        "0x5bc6aaf1": "b__R_frontBellyTarget_slot",
        "0x98e8ff25": "b__R_backBellyTarget_slot",
        "0xac57c1d9": "b__R_lowBackTarget_slot",
        "0x80e537c3": "b__L_lowBackTarget_slot",
        "0x91b1b2db": "b__L_backBellyTarget_slot",
        "0xe75f9bd4": "b__R_BellyTarget_slot",
        "0xcf10d3e": "b__L_BellyTarget_slot",
        "0x5c614b0f": "b__L_frontBellyTarget_slot",
        "0x48fc3b0b": "b__belly__",
        "0xda12aa46": "b__L_ThighTarget_slot",
        "0x4a3fca04": "b__R_ThighTarget_slot",
        "0x2b0cfbfb": "L_slotOffset",
        "0xb1de1ae5": "R_slotOffset",
        "0x2010ca87": "L_footOffset",
        "0x6e7c259d": "R_footOffset",
        "0xa4870f4a": "L_footWorld",
        "0xb1aad278": "R_footWorld",
        "0x62a942b2": "L_slotInfo",
        "0x88b9696b": "L_Info1",
        "0x88b96968": "L_Info2",
        "0x88b96969": "L_Info3",
        "0x88b9696e": "L_Info4",
        "0x88b9696f": "L_Info5",
        "0x88b9696c": "L_Info6",
        "0x88b9696d": "L_Info7",
        "0x88b96962": "L_Info8",
        "0x88b96963": "L_Info9",
        "0xa6e0f341": "L_Info10",
        "0x81e1ccc8": "R_slotInfo",
        "0xebda935": "R_Info1",
        "0xebda936": "R_Info2",
        "0xebda937": "R_Info3",
        "0xebda930": "R_Info4",
        "0xebda931": "R_Info5",
        "0xebda932": "R_Info6",
        "0xebda933": "R_Info7",
        "0xebda93c": "R_Info8",
        "0xebda93d": "R_Info9",
        "0x69915e5f": "R_Info10",
        "0x7ddf1de": "L_footInfo",
        "0x4063c04b": "L_footInfo1",
        "0x4063c048": "L_footInfo2",
        "0xcd0d7c0": "R_footInfo",
        "0xecc3a371": "R_footInfo1",
        "0xecc3a372": "R_footInfo2"
    }
}